{
  "DS-CNN": {
    "loss": 0.06773728132247925,
    "accuracy": 0.971846342086792,
    "params": 30361
  },
  "TC-ResNet": {
    "loss": 0.08836545050144196,
    "accuracy": 0.9656267762184143,
    "params": 68561
  },
  "MicroCNN": {
    "loss": 0.5579373240470886,
    "accuracy": 0.801402747631073,
    "params": 4255
  },
  "MobileNet": {
    "loss": 0.05517905205488205,
    "accuracy": 0.9791576862335205,
    "params": 2653833
  },
  "EfficientNet": {
    "loss": 0.07005622237920761,
    "accuracy": 0.9792900681495667,
    "params": 4718274
  },
  "CRNN": {
    "loss": 0.06362777203321457,
    "accuracy": 0.9741952419281006,
    "params": 1083289
  }
}